id;x;y;z;time;;;
0x6733;1995;946;552;2019-05-16 10:24:06.577;24.06,6;6,577;0,108
0x6733;1981;961;0;2019-05-16 10:24:06.685;24.06,7;6,685;0,372
0x6733;2247;926;0;2019-05-16 10:24:07.057;24.07,1;7,057;0,18
0x6733;1997;955;0;2019-05-16 10:24:07.237;24.07,2;7,237;0,372
0x6733;1988;918;0;2019-05-16 10:24:07.609;24.07,6;7,609;0,184
0x6733;2236;938;0;2019-05-16 10:24:07.793;24.07,8;7,793;0,181
0x6733;2209;948;0;2019-05-16 10:24:07.974;24.08,0;7,974;0,183
0x6733;1977;925;0;2019-05-16 10:24:08.157;24.08,2;8,157;0,185
0x6733;2240;932;0;2019-05-16 10:24:08.342;24.08,3;8,342;0,178
0x6733;2113;958;0;2019-05-16 10:24:08.520;24.08,5;8,52;0,18
0x6733;1986;929;0;2019-05-16 10:24:08.700;24.08,7;8,7;0,18
0x6733;2232;942;0;2019-05-16 10:24:08.880;24.08,9;8,88;0,18
0x6733;2021;911;0;2019-05-16 10:24:09.060;24.09,1;9,06;0,192
0x6733;2227;950;0;2019-05-16 10:24:09.252;24.09,3;9,252;0,18
0x6733;2004;940;0;2019-05-16 10:24:09.432;24.09,4;9,432;0,183
0x6733;2000;958;0;2019-05-16 10:24:09.615;24.09,6;9,615;0,372
0x6733;2244;952;0;2019-05-16 10:24:09.987;24.10,0;9,987;0,181
0x6733;2212;1007;0;2019-05-16 10:24:10.168;24.10,2;10,168;0,178
0x6733;2206;960;0;2019-05-16 10:24:10.346;24.10,3;10,346;0,37
0x6733;2211;918;0;2019-05-16 10:24:10.716;24.10,7;10,716;0,182
0x6733;2242;929;0;2019-05-16 10:24:10.898;24.10,9;10,898;0,181
0x6733;1965;946;0;2019-05-16 10:24:11.079;24.11,1;11,079;0,18
0x6733;2198;965;0;2019-05-16 10:24:11.259;24.11,3;11,259;0,18
0x6733;2218;967;0;2019-05-16 10:24:11.439;24.11,4;11,439;0,374
0x6733;2180;973;0;2019-05-16 10:24:11.813;24.11,8;11,813;0,18
0x6733;1988;934;0;2019-05-16 10:24:11.993;24.12,0;11,993;0,18
0x6733;1999;985;0;2019-05-16 10:24:12.173;24.12,2;12,173;0,184
0x6733;2004;957;0;2019-05-16 10:24:12.357;24.12,4;12,357;0,18
0x6733;2217;962;0;2019-05-16 10:24:12.537;24.12,5;12,537;0,371
0x6733;2217;978;0;2019-05-16 10:24:12.908;24.12,9;12,908;0,181
0x6733;2012;960;0;2019-05-16 10:24:13.089;24.13,1;13,089;0,372
0x6733;1985;976;0;2019-05-16 10:24:13.461;24.13,5;13,461;0,18
0x6733;2214;918;0;2019-05-16 10:24:13.641;24.13,6;13,641;0,181
0x6733;2146;955;0;2019-05-16 10:24:13.822;24.13,8;13,822;0,192
0x6733;2067;941;0;2019-05-16 10:24:14.014;24.14,0;14,014;0,18
0x6733;2167;911;0;2019-05-16 10:24:14.194;24.14,2;14,194;0,18
0x6733;2209;909;0;2019-05-16 10:24:14.374;24.14,4;14,374;0,193
0x6733;2247;906;0;2019-05-16 10:24:14.567;24.14,6;14,567;0,18
0x6733;2029;912;0;2019-05-16 10:24:14.747;24.14,7;14,747;0,18
0x6733;2218;945;0;2019-05-16 10:24:14.927;24.14,9;14,927;0,184
0x6733;2246;920;0;2019-05-16 10:24:15.111;24.15,1;15,111;0,181
0x6733;2216;914;0;2019-05-16 10:24:15.292;24.15,3;15,292;0,372
0x6733;2234;931;0;2019-05-16 10:24:15.664;24.15,7;15,664;0,179
0x6733;2218;899;0;2019-05-16 10:24:15.843;24.15,8;15,843;0,181
0x6733;2040;904;0;2019-05-16 10:24:16.024;24.16,0;16,024;0,18
0x6733;2227;933;0;2019-05-16 10:24:16.204;24.16,2;16,204;0,373
0x6733;2032;936;0;2019-05-16 10:24:16.577;24.16,6;16,577;0,179
0x6733;2209;950;0;2019-05-16 10:24:16.756;24.16,8;16,756;0,181
0x6733;2218;959;0;2019-05-16 10:24:16.937;24.16,9;16,937;0,372
0x6733;2055;920;0;2019-05-16 10:24:17.309;24.17,3;17,309;0,18
0x6733;2164;974;0;2019-05-16 10:24:17.489;24.17,5;17,489;0,191
0x6733;2199;941;0;2019-05-16 10:24:17.680;24.17,7;17,68;0,361
0x6733;2064;915;0;2019-05-16 10:24:18.041;24.18,0;18,041;0,18
0x6733;2144;921;0;2019-05-16 10:24:18.221;24.18,2;18,221;0,37
0x6733;2055;897;0;2019-05-16 10:24:18.591;24.18,6;18,591;0,18
0x6733;2086;913;0;2019-05-16 10:24:18.771;24.18,8;18,771;0,18
0x6733;2241;880;0;2019-05-16 10:24:18.951;24.19,0;18,951;0,19
0x6733;2068;904;0;2019-05-16 10:24:19.141;24.19,1;19,141;0,18
0x6733;2050;942;0;2019-05-16 10:24:19.321;24.19,3;19,321;0,182
0x6733;2255;919;0;2019-05-16 10:24:19.503;24.19,5;19,503;0,182
0x6733;2099;955;0;2019-05-16 10:24:19.685;24.19,7;19,685;0,18
0x6733;2089;919;0;2019-05-16 10:24:19.865;24.19,9;19,865;0,373
0x6733;2253;879;0;2019-05-16 10:24:20.238;24.20,2;20,238;0,179
0x6733;2089;916;0;2019-05-16 10:24:20.417;24.20,4;20,417;0,182
0x6733;2101;910;0;2019-05-16 10:24:20.599;24.20,6;20,599;0,192
0x6733;2082;923;0;2019-05-16 10:24:20.791;24.20,8;20,791;0,18
0x6733;2230;968;0;2019-05-16 10:24:20.971;24.21,0;20,971;0,18
0x6733;2260;988;0;2019-05-16 10:24:21.151;24.21,2;21,151;0,373
0x6733;2231;925;0;2019-05-16 10:24:21.524;24.21,5;21,524;0,179
0x6733;2189;917;0;2019-05-16 10:24:21.703;24.21,7;21,703;0,181
0x6733;2235;943;0;2019-05-16 10:24:21.884;24.21,9;21,884;0,18
0x6733;2077;924;0;2019-05-16 10:24:22.064;24.22,1;22,064;0,372
0x6733;2081;909;0;2019-05-16 10:24:22.436;24.22,4;22,436;0,179
0x6733;2067;924;0;2019-05-16 10:24:22.615;24.22,6;22,615;0,181
0x6733;2231;922;0;2019-05-16 10:24:22.796;24.22,8;22,796;0,182
0x6733;2242;888;0;2019-05-16 10:24:22.978;24.23,0;22,978;0,372
0x6733;2236;960;0;2019-05-16 10:24:23.350;24.23,3;23,35;0,181
0x6733;2119;887;0;2019-05-16 10:24:23.531;24.23,5;23,531;0,18
0x6733;2161;878;0;2019-05-16 10:24:23.711;24.23,7;23,711;0,372
0x6733;2217;940;0;2019-05-16 10:24:24.083;24.24,1;24,083;0,18
0x6733;2057;929;0;2019-05-16 10:24:24.263;24.24,3;24,263;0,18
0x6733;2073;934;0;2019-05-16 10:24:24.443;24.24,4;24,443;0,192
0x6733;2237;939;0;2019-05-16 10:24:24.635;24.24,6;24,635;0,18
0x6733;2100;893;0;2019-05-16 10:24:24.815;24.24,8;24,815;0,176
0x6733;2226;918;0;2019-05-16 10:24:24.991;24.25,0;24,991;0,191
0x6733;2044;924;0;2019-05-16 10:24:25.182;24.25,2;25,182;0,183
0x6733;2068;935;0;2019-05-16 10:24:25.365;24.25,4;25,365;0,18
0x6733;2054;955;0;2019-05-16 10:24:25.545;24.25,5;25,545;0,373
0x6733;2255;913;0;2019-05-16 10:24:25.918;24.25,9;25,918;0,181
0x6733;2225;866;0;2019-05-16 10:24:26.099;24.26,1;26,099;0,18
0x6733;2097;933;0;2019-05-16 10:24:26.279;24.26,3;26,279;0,18
0x6733;2242;880;0;2019-05-16 10:24:26.459;24.26,5;26,459;0,18
0x6733;2072;890;0;2019-05-16 10:24:26.639;24.26,6;26,639;0,184
0x6733;2235;942;0;2019-05-16 10:24:26.823;24.26,8;26,823;0,18
0x6733;2157;983;0;2019-05-16 10:24:27.003;24.27,0;27,003;0,18
0x6733;2270;932;0;2019-05-16 10:24:27.183;24.27,2;27,183;0,19
0x6733;2228;910;0;2019-05-16 10:24:27.373;24.27,4;27,373;0,18
0x6733;2234;880;0;2019-05-16 10:24:27.553;24.27,6;27,553;0,18
0x6733;2090;915;0;2019-05-16 10:24:27.733;24.27,7;27,733;0,183
0x6733;2082;906;0;2019-05-16 10:24:27.916;24.27,9;27,916;0,193
0x6733;2112;878;0;2019-05-16 10:24:28.109;24.28,1;28,109;0,18
0x6733;2124;912;0;2019-05-16 10:24:28.289;24.28,3;28,289;0,373
0x6733;2054;923;0;2019-05-16 10:24:28.662;24.28,7;28,662;0,18
0x6733;2265;936;0;2019-05-16 10:24:28.842;24.28,8;28,842;0,182
0x6733;2230;874;0;2019-05-16 10:24:29.024;24.29,0;29,024;0,363
0x6733;2196;985;0;2019-05-16 10:24:29.387;24.29,4;29,387;0,373
0x6733;2323;1049;0;2019-05-16 10:24:29.760;24.29,8;29,76;0,355
0x6733;1780;969;0;2019-05-16 10:24:30.115;24.30,1;30,115;0,374
0x6733;1597;904;0;2019-05-16 10:24:30.489;24.30,5;30,489;0,18
0x6733;1629;859;0;2019-05-16 10:24:30.669;24.30,7;30,669;0,18
0x6733;1415;875;0;2019-05-16 10:24:30.849;24.30,8;30,849;0,18
0x6733;1451;793;0;2019-05-16 10:24:31.029;24.31,0;31,029;0,192
0x6733;1603;759;0;2019-05-16 10:24:31.221;24.31,2;31,221;0,184
0x6733;1312;871;0;2019-05-16 10:24:31.405;24.31,4;31,405;0,18
0x6733;1618;907;0;2019-05-16 10:24:31.585;24.31,6;31,585;0,372
0x6733;2154;1053;0;2019-05-16 10:24:31.957;24.32,0;31,957;0,18
0x6733;2213;947;0;2019-05-16 10:24:32.137;24.32,1;32,137;0,18
0x6733;2404;847;0;2019-05-16 10:24:32.317;24.32,3;32,317;0,37
0x6733;2374;895;0;2019-05-16 10:24:32.687;24.32,7;32,687;0,181
0x6733;2629;972;0;2019-05-16 10:24:32.868;24.32,9;32,868;0,185
0x6733;2616;890;0;2019-05-16 10:24:33.053;24.33,1;33,053;0,18
0x6733;2574;883;0;2019-05-16 10:24:33.233;24.33,2;33,233;0,372
0x6733;2454;880;0;2019-05-16 10:24:33.605;24.33,6;33,605;0,18
0x6733;2363;550;0;2019-05-16 10:24:33.785;24.33,8;33,785;0,18
0x6733;2481;857;0;2019-05-16 10:24:33.965;24.34,0;33,965;0,182
0x6733;2624;858;0;2019-05-16 10:24:34.147;24.34,1;34,147;0,555
0x6733;2234;998;0;2019-05-16 10:24:34.702;24.34,7;34,702;0,18
0x6733;2280;980;0;2019-05-16 10:24:34.882;24.34,9;34,882;0,183
0x6733;2312;1111;0;2019-05-16 10:24:35.065;24.35,1;35,065;0,366
0x6733;2293;1234;0;2019-05-16 10:24:35.431;24.35,4;35,431;0,181
0x6733;2240;1204;0;2019-05-16 10:24:35.612;24.35,6;35,612;0,372
0x6733;2144;1365;0;2019-05-16 10:24:35.984;24.36,0;35,984;0,18
0x6733;2171;1348;0;2019-05-16 10:24:36.164;24.36,2;36,164;0,18
0x6733;2250;1323;0;2019-05-16 10:24:36.344;24.36,3;36,344;0,371
0x6733;2203;1297;0;2019-05-16 10:24:36.715;24.36,7;36,715;0,182
0x6733;2239;1247;0;2019-05-16 10:24:36.897;24.36,9;36,897;0,18
0x6733;2401;1115;0;2019-05-16 10:24:37.077;24.37,1;37,077;0,18
0x6733;2257;928;0;2019-05-16 10:24:37.257;24.37,3;37,257;0,372
0x6733;2096;768;0;2019-05-16 10:24:37.629;24.37,6;37,629;0,366
0x6733;2132;594;0;2019-05-16 10:24:37.995;24.38,0;37,995;0,362
0x6733;2147;654;0;2019-05-16 10:24:38.357;24.38,4;38,357;0,365
0x6733;1999;753;0;2019-05-16 10:24:38.722;24.38,7;38,722;0,18
0x6733;1784;886;0;2019-05-16 10:24:38.902;24.38,9;38,902;0,179
0x6733;2261;755;0;2019-05-16 10:24:39.081;24.39,1;39,081;0,181
0x6733;2113;602;0;2019-05-16 10:24:39.262;24.39,3;39,262;0,192
0x6733;1902;1021;0;2019-05-16 10:24:39.454;24.39,5;39,454;0,364
0x6733;2066;978;0;2019-05-16 10:24:39.818;24.39,8;39,818;0,18
0x6733;2044;919;0;2019-05-16 10:24:39.998;24.40,0;39,998;0,19
0x6733;2010;1131;0;2019-05-16 10:24:40.188;24.40,2;40,188;0,18
0x6733;1946;928;0;2019-05-16 10:24:40.368;24.40,4;40,368;0,18
0x6733;2141;890;0;2019-05-16 10:24:40.548;24.40,5;40,548;0,18
0x6733;1995;892;0;2019-05-16 10:24:40.728;24.40,7;40,728;0,389
0x6733;1987;936;0;2019-05-16 10:24:41.117;24.41,1;41,117;0,18
0x6733;1978;910;0;2019-05-16 10:24:41.297;24.41,3;41,297;0,18
0x6733;1963;935;0;2019-05-16 10:24:41.477;24.41,5;41,477;0,18
0x6733;2056;882;0;2019-05-16 10:24:41.657;24.41,7;41,657;0,18
0x6733;2103;890;0;2019-05-16 10:24:41.837;24.41,8;41,837;0,918
0x6733;2011;920;0;2019-05-16 10:24:42.755;24.42,8;42,755;0,18
0x6733;2124;934;0;2019-05-16 10:24:42.935;24.42,9;42,935;0,554
0x6733;2134;907;0;2019-05-16 10:24:43.489;24.43,5;43,489;0,179
0x6733;2172;928;0;2019-05-16 10:24:43.668;24.43,7;43,668;0,375
0x6733;2023;924;0;2019-05-16 10:24:44.043;24.44,0;44,043;0,184
0x6733;2120;918;0;2019-05-16 10:24:44.227;24.44,2;44,227;0,176
0x6733;2138;872;0;2019-05-16 10:24:44.403;24.44,4;44,403;0,182
0x6733;2032;934;0;2019-05-16 10:24:44.585;24.44,6;44,585;0,181
0x6733;2143;901;0;2019-05-16 10:24:44.766;24.44,8;44,766;0,186
0x6733;1991;893;0;2019-05-16 10:24:44.952;24.45,0;44,952;0,18
0x6733;2021;908;0;2019-05-16 10:24:45.132;24.45,1;45,132;0,181
0x6733;2135;943;0;2019-05-16 10:24:45.313;24.45,3;45,313;0,183
0x6733;1971;975;0;2019-05-16 10:24:45.496;24.45,5;45,496;0,188
0x6733;2179;933;0;2019-05-16 10:24:45.684;24.45,7;45,684;0,184
0x6733;1965;916;0;2019-05-16 10:24:45.868;24.45,9;45,868;0,181
0x6733;2137;905;0;2019-05-16 10:24:46.049;24.46,0;46,049;0,184
0x6733;2051;989;0;2019-05-16 10:24:46.233;24.46,2;46,233;0,182
0x6733;2118;892;0;2019-05-16 10:24:46.415;24.46,4;46,415;0,18
0x6733;2117;924;0;2019-05-16 10:24:46.595;24.46,6;46,595;0,364
0x6733;1985;879;0;2019-05-16 10:24:46.959;24.47,0;46,959;0,188
0x6733;2150;912;0;2019-05-16 10:24:47.147;24.47,1;47,147;0,186
0x6733;1985;921;0;2019-05-16 10:24:47.333;24.47,3;47,333;0,175
0x6733;2061;895;0;2019-05-16 10:24:47.508;24.47,5;47,508;0,191
0x6733;2089;883;0;2019-05-16 10:24:47.699;24.47,7;47,699;0,178
0x6733;1977;911;0;2019-05-16 10:24:47.877;24.47,9;47,877;0,372
0x6733;1947;934;0;2019-05-16 10:24:48.249;24.48,2;48,249;0,178
0x6733;2123;938;0;2019-05-16 10:24:48.427;24.48,4;48,427;0,37
0x6733;2052;1067;0;2019-05-16 10:24:48.797;24.48,8;48,797;0,177
0x6733;2117;897;0;2019-05-16 10:24:48.974;24.49,0;48,974;0,184
0x6733;2112;952;0;2019-05-16 10:24:49.158;24.49,2;49,158;0,178
0x6733;2115;940;0;2019-05-16 10:24:49.336;24.49,3;49,336;0,18
0x6733;1942;948;0;2019-05-16 10:24:49.516;24.49,5;49,516;0,372
0x6733;2119;959;0;2019-05-16 10:24:49.888;24.49,9;49,888;0,179
0x6733;2114;939;0;2019-05-16 10:24:50.067;24.50,1;50,067;0,194
0x6733;1919;958;0;2019-05-16 10:24:50.261;24.50,3;50,261;0,179
0x6733;2107;944;0;2019-05-16 10:24:50.440;24.50,4;50,44;0,181
0x6733;2111;960;0;2019-05-16 10:24:50.621;24.50,6;50,621;0,192
0x6733;2121;938;0;2019-05-16 10:24:50.813;24.50,8;50,813;0,18
0x6733;2121;949;0;2019-05-16 10:24:50.993;24.51,0;50,993;0,18
0x6733;2113;964;0;2019-05-16 10:24:51.173;24.51,2;51,173;0,369
0x6733;1923;938;0;2019-05-16 10:24:51.542;24.51,5;51,542;0,183
0x6733;2095;962;0;2019-05-16 10:24:51.725;24.51,7;51,725;0,385
0x6733;2088;922;0;2019-05-16 10:24:52.110;24.52,1;52,11;0,18
0x6733;1899;910;0;2019-05-16 10:24:52.290;24.52,3;52,29;0,18
0x6733;2109;939;0;2019-05-16 10:24:52.470;24.52,5;52,47;0,18
0x6733;1943;903;0;2019-05-16 10:24:52.650;24.52,6;52,65;0,37
0x6733;1942;909;0;2019-05-16 10:24:53.020;24.53,0;53,02;0,183
0x6733;1886;920;0;2019-05-16 10:24:53.203;24.53,2;53,203;0,381
0x6733;2122;937;0;2019-05-16 10:24:53.584;24.53,6;53,584;0,164
0x6733;2099;947;0;2019-05-16 10:24:53.748;24.53,7;53,748;0,368
0x6733;2117;953;0;2019-05-16 10:24:54.116;24.54,1;54,116;0,187
0x6733;2136;987;0;2019-05-16 10:24:54.303;24.54,3;54,303;0,17
0x6733;1812;1084;0;2019-05-16 10:24:54.473;24.54,5;54,473;0,189
0x6733;2155;936;0;2019-05-16 10:24:54.662;24.54,7;54,662;0,181
0x6733;1998;1076;0;2019-05-16 10:24:54.843;24.54,8;54,843;0,192
0x6733;1942;1047;0;2019-05-16 10:24:55.035;24.55,0;55,035;0,174
0x6733;2009;1084;0;2019-05-16 10:24:55.209;24.55,2;55,209;0,188
0x6733;2022;1019;0;2019-05-16 10:24:55.397;24.55,4;55,397;0,183
0x6733;2057;1040;0;2019-05-16 10:24:55.580;24.55,6;55,58;0,183
0x6733;2031;920;0;2019-05-16 10:24:55.763;24.55,8;55,763;0,185
0x6733;2037;1140;0;2019-05-16 10:24:55.948;24.55,9;55,948;0,182
0x6733;1680;1091;0;2019-05-16 10:24:56.130;24.56,1;56,13;0,174
0x6733;2008;1061;0;2019-05-16 10:24:56.304;24.56,3;56,304;0,183
0x6733;1882;951;0;2019-05-16 10:24:56.487;24.56,5;56,487;0,18
0x6733;2098;959;0;2019-05-16 10:24:56.667;24.56,7;56,667;0,187
0x6733;2144;912;0;2019-05-16 10:24:56.854;24.56,9;56,854;0,186
0x6733;2048;949;0;2019-05-16 10:24:57.040;24.57,0;57,04;0,181
0x6733;1943;940;0;2019-05-16 10:24:57.221;24.57,2;57,221;0,179
0x6733;2042;883;0;2019-05-16 10:24:57.400;24.57,4;57,4;0,184
0x6733;2116;989;0;2019-05-16 10:24:57.584;24.57,6;57,584;0,185
0x6733;2106;961;0;2019-05-16 10:24:57.769;24.57,8;57,769;0,178
0x6733;1925;967;0;2019-05-16 10:24:57.947;24.57,9;57,947;0,183
0x6733;1993;929;0;2019-05-16 10:24:58.130;24.58,1;58,13;0,219
0x6733;1907;974;0;2019-05-16 10:24:58.349;24.58,3;58,349;0,339
0x6733;1875;971;0;2019-05-16 10:24:58.688;24.58,7;58,688;0,183
0x6733;2122;956;0;2019-05-16 10:24:58.871;24.58,9;58,871;0,181
0x6733;1915;962;0;2019-05-16 10:24:59.052;24.59,1;59,052;0,187
0x6733;1880;976;0;2019-05-16 10:24:59.239;24.59,2;59,239;0,357
0x6733;2123;953;0;2019-05-16 10:24:59.596;24.59,6;59,596;0,187
0x6733;2088;947;0;2019-05-16 10:24:59.783;24.59,8;59,783;0,183
0x6733;1861;977;0;2019-05-16 10:24:59.966;25.00,0;59,966;0,191
0x6733;1901;938;0;2019-05-16 10:25:00.157;25.00,2;0,157;0,177
0x6733;2106;966;0;2019-05-16 10:25:00.334;25.00,3;0,334;0,186
0x6733;1897;935;0;2019-05-16 10:25:00.520;25.00,5;0,52;0,196
0x6733;2108;962;0;2019-05-16 10:25:00.716;25.00,7;0,716;0,357
0x6733;1868;942;0;2019-05-16 10:25:01.073;25.01,1;1,073;0,354
0x6733;1914;950;0;2019-05-16 10:25:01.427;25.01,4;1,427;0,182
0x6733;2113;944;0;2019-05-16 10:25:01.609;25.01,6;1,609;0,187
0x6733;2117;947;0;2019-05-16 10:25:01.796;25.01,8;1,796;0,177
0x6733;2065;1145;0;2019-05-16 10:25:01.973;25.02,0;1,973;0,19
0x6733;1924;987;0;2019-05-16 10:25:02.163;25.02,2;2,163;0,183
0x6733;2115;970;0;2019-05-16 10:25:02.346;25.02,3;2,346;0,178
0x6733;2138;937;0;2019-05-16 10:25:02.524;25.02,5;2,524;0,188
0x6733;2085;941;0;2019-05-16 10:25:02.712;25.02,7;2,712;0,185
0x6733;1900;929;0;2019-05-16 10:25:02.897;25.02,9;2,897;0,187
0x6733;2113;956;0;2019-05-16 10:25:03.084;25.03,1;3,084;0,169
0x6733;2060;1117;0;2019-05-16 10:25:03.253;25.03,3;3,253;0,183
0x6733;1899;943;0;2019-05-16 10:25:03.436;25.03,4;3,436;0,179
0x6733;2125;989;0;2019-05-16 10:25:03.615;25.03,6;3,615;0,183
0x6733;1907;995;0;2019-05-16 10:25:03.798;25.03,8;3,798;0,187
0x6733;2114;986;0;2019-05-16 10:25:03.985;25.04,0;3,985;0,184
0x6733;2114;926;0;2019-05-16 10:25:04.169;25.04,2;4,169;0,178
0x6733;1885;993;0;2019-05-16 10:25:04.347;25.04,3;4,347;0,186
0x6733;2134;959;0;2019-05-16 10:25:04.533;25.04,5;4,533;0,175
0x6733;1882;922;0;2019-05-16 10:25:04.708;25.04,7;4,708;0,408
0x6733;2088;983;0;2019-05-16 10:25:05.116;25.05,1;5,116;0,148
0x6733;2105;969;0;2019-05-16 10:25:05.264;25.05,3;5,264;0,182
0x6733;1893;977;0;2019-05-16 10:25:05.446;25.05,4;5,446;0,369
0x6733;2125;965;0;2019-05-16 10:25:05.815;25.05,8;5,815;0,187
0x6733;2140;943;0;2019-05-16 10:25:06.002;25.06,0;6,002;0,173
0x6733;2107;960;0;2019-05-16 10:25:06.175;25.06,2;6,175;0,209
0x6733;2108;959;0;2019-05-16 10:25:06.384;25.06,4;6,384;0,175
0x6733;2122;904;0;2019-05-16 10:25:06.559;25.06,6;6,559;0,192
0x6733;1883;983;0;2019-05-16 10:25:06.751;25.06,8;6,751;0,161
0x6733;2122;956;0;2019-05-16 10:25:06.912;25.06,9;6,912;0,194
0x6733;1944;957;0;2019-05-16 10:25:07.106;25.07,1;7,106;0,179
0x6733;1918;973;0;2019-05-16 10:25:07.285;25.07,3;7,285;0,18
0x6733;1911;925;0;2019-05-16 10:25:07.465;25.07,5;7,465;0,177
0x6733;1908;942;0;2019-05-16 10:25:07.642;25.07,6;7,642;0,367
0x6733;1903;966;0;2019-05-16 10:25:08.009;25.08,0;8,009;0,18
0x6733;2100;946;0;2019-05-16 10:25:08.189;25.08,2;8,189;0,185
0x6733;1897;944;0;2019-05-16 10:25:08.374;25.08,4;8,374;0,191
0x6733;1919;958;0;2019-05-16 10:25:08.565;25.08,6;8,565;0,363
0x6733;1881;959;0;2019-05-16 10:25:08.928;25.08,9;8,928;0,178
0x6733;1905;974;0;2019-05-16 10:25:09.106;25.09,1;9,106;0,18
0x6733;1895;968;0;2019-05-16 10:25:09.286;25.09,3;9,286;0,188
0x6733;2092;933;0;2019-05-16 10:25:09.474;25.09,5;9,474;0,362
0x6733;1925;998;0;2019-05-16 10:25:09.836;25.09,8;9,836;0,181
0x6733;2121;949;0;2019-05-16 10:25:10.017;25.10,0;10,017;0,187
0x6733;2108;940;0;2019-05-16 10:25:10.204;25.10,2;10,204;0,356
0x6733;1893;1010;0;2019-05-16 10:25:10.560;25.10,6;10,56;0,376
0x6733;2131;940;0;2019-05-16 10:25:10.936;25.10,9;10,936;0,189
0x6733;2105;933;0;2019-05-16 10:25:11.125;25.11,1;11,125;0,165
0x6733;1912;955;0;2019-05-16 10:25:11.290;25.11,3;11,29;0,373
0x6733;1935;998;0;2019-05-16 10:25:11.663;25.11,7;11,663;0,729
0x6733;1935;952;0;2019-05-16 10:25:12.392;25.12,4;12,392;0,18
0x6733;2108;961;0;2019-05-16 10:25:12.572;25.12,6;12,572;0,364
0x6733;2097;956;0;2019-05-16 10:25:12.936;25.12,9;12,936;0,372
0x6733;1908;964;0;2019-05-16 10:25:13.308;25.13,3;13,308;0,18
0x6733;1916;957;0;2019-05-16 10:25:13.488;25.13,5;13,488;0,186
0x6733;2131;956;0;2019-05-16 10:25:13.674;25.13,7;13,674;0,368
0x6733;1929;981;0;2019-05-16 10:25:14.042;25.14,0;14,042;0,186
0x6733;1947;960;0;2019-05-16 10:25:14.228;25.14,2;14,228;0,18
0x6733;1912;965;0;2019-05-16 10:25:14.408;25.14,4;14,408;0,182
0x6733;2125;960;0;2019-05-16 10:25:14.590;25.14,6;14,59;0,189
0x6733;1973;949;0;2019-05-16 10:25:14.779;25.14,8;14,779;0,177
0x6733;2009;942;0;2019-05-16 10:25:14.956;25.15,0;14,956;0,367
0x6733;2100;916;0;2019-05-16 10:25:15.323;25.15,3;15,323;0,185
0x6733;2116;950;0;2019-05-16 10:25:15.508;25.15,5;15,508;0,182
0x6733;1900;976;0;2019-05-16 10:25:15.690;25.15,7;15,69;0,183
0x6733;2136;972;0;2019-05-16 10:25:15.873;25.15,9;15,873;0,176
0x6733;1943;906;0;2019-05-16 10:25:16.049;25.16,0;16,049;0,189
0x6733;1917;962;0;2019-05-16 10:25:16.238;25.16,2;16,238;0,362
0x6733;1952;918;0;2019-05-16 10:25:16.600;25.16,6;16,6;0,183
0x6733;2107;924;0;2019-05-16 10:25:16.783;25.16,8;16,783;0,182
0x6733;1933;892;0;2019-05-16 10:25:16.965;25.17,0;16,965;0,182
0x6733;1941;954;0;2019-05-16 10:25:17.147;25.17,1;17,147;0,179
0x6733;1933;971;0;2019-05-16 10:25:17.326;25.17,3;17,326;0,188
0x6733;1922;963;0;2019-05-16 10:25:17.514;25.17,5;17,514;0,183
0x6733;2124;945;0;2019-05-16 10:25:17.697;25.17,7;17,697;0,185
0x6733;2118;942;0;2019-05-16 10:25:17.882;25.17,9;17,882;0,178
0x6733;2025;922;0;2019-05-16 10:25:18.060;25.18,1;18,06;0,368
0x6733;1919;920;0;2019-05-16 10:25:18.428;25.18,4;18,428;0,189
0x6733;1968;951;0;2019-05-16 10:25:18.617;25.18,6;18,617;0,177
0x6733;1668;1091;0;2019-05-16 10:25:18.794;25.18,8;18,794;0,186
0x6733;1976;1136;0;2019-05-16 10:25:18.980;25.19,0;18,98;0,181
0x6733;1631;1096;0;2019-05-16 10:25:19.161;25.19,2;19,161;0,188
0x6733;1695;1064;0;2019-05-16 10:25:19.349;25.19,3;19,349;0,183
0x6733;1687;1113;0;2019-05-16 10:25:19.532;25.19,5;19,532;0,18
0x6733;1827;945;0;2019-05-16 10:25:19.712;25.19,7;19,712;0,183
0x6733;1793;1062;0;2019-05-16 10:25:19.895;25.19,9;19,895;0,184
0x6733;1934;1004;0;2019-05-16 10:25:20.079;25.20,1;20,079;0,363
0x6733;2106;986;0;2019-05-16 10:25:20.442;25.20,4;20,442;0,186
0x6733;1591;1150;0;2019-05-16 10:25:20.628;25.20,6;20,628;0,368
0x6733;1723;1055;0;2019-05-16 10:25:20.996;25.21,0;20,996;0,182
0x6733;2053;1036;0;2019-05-16 10:25:21.178;25.21,2;21,178;0,73
0x6733;1655;1106;0;2019-05-16 10:25:21.908;25.21,9;21,908;0,188
0x6733;1668;1103;0;2019-05-16 10:25:22.096;25.22,1;22,096;0,181
0x6733;1973;1121;0;2019-05-16 10:25:22.277;25.22,3;22,277;0,19
0x6733;1730;1051;0;2019-05-16 10:25:22.467;25.22,5;22,467;0,36
0x6733;2007;1077;0;2019-05-16 10:25:22.827;25.22,8;22,827;0,176
0x6733;1702;1064;0;2019-05-16 10:25:23.003;25.23,0;23,003;0,189
0x6733;1983;1076;0;2019-05-16 10:25:23.192;25.23,2;23,192;0,55
0x6733;1674;1088;0;2019-05-16 10:25:23.742;25.23,7;23,742;0,363
0x6733;1738;1058;0;2019-05-16 10:25:24.105;25.24,1;24,105;0,364
0x6733;2078;1032;0;2019-05-16 10:25:24.469;25.24,5;24,469;0,184
0x6733;1832;1030;0;2019-05-16 10:25:24.653;25.24,7;24,653;0,184
0x6733;1844;1026;0;2019-05-16 10:25:24.837;25.24,8;24,837;0,365
0x6733;1824;975;0;2019-05-16 10:25:25.202;25.25,2;25,202;0,191
0x6733;2070;988;0;2019-05-16 10:25:25.393;25.25,4;25,393;0,178
0x6733;1819;976;0;2019-05-16 10:25:25.571;25.25,6;25,571;0,365
0x6733;1881;990;0;2019-05-16 10:25:25.936;25.25,9;25,936;0,192
0x6733;1854;983;0;2019-05-16 10:25:26.128;25.26,1;26,128;0,36
0x6733;1829;1012;0;2019-05-16 10:25:26.488;25.26,5;26,488;0,18
0x6733;1829;975;0;2019-05-16 10:25:26.668;25.26,7;26,668;0,177
0x6733;2097;1010;0;2019-05-16 10:25:26.845;25.26,8;26,845;0,184
0x6733;2069;973;0;2019-05-16 10:25:27.029;25.27,0;27,029;0,186
0x6733;1819;979;0;2019-05-16 10:25:27.215;25.27,2;27,215;0,174
0x6733;1770;966;0;2019-05-16 10:25:27.389;25.27,4;27,389;0,365
0x6733;2074;981;0;2019-05-16 10:25:27.754;25.27,8;27,754;0,19
0x6733;1784;985;0;2019-05-16 10:25:27.944;25.27,9;27,944;0,185
0x6733;1818;1038;0;2019-05-16 10:25:28.129;25.28,1;28,129;0,188
0x6733;2031;1010;0;2019-05-16 10:25:28.317;25.28,3;28,317;0,172
0x6733;2062;1024;0;2019-05-16 10:25:28.489;25.28,5;28,489;0,197
0x6733;1746;1062;0;2019-05-16 10:25:28.686;25.28,7;28,686;0,167
0x6733;1804;987;0;2019-05-16 10:25:28.853;25.28,9;28,853;0,183
0x6733;1791;1000;0;2019-05-16 10:25:29.036;25.29,0;29,036;0,187
0x6733;2043;1042;0;2019-05-16 10:25:29.223;25.29,2;29,223;0,185
0x6733;2039;1002;0;2019-05-16 10:25:29.408;25.29,4;29,408;0,362
0x6733;1823;1027;0;2019-05-16 10:25:29.770;25.29,8;29,77;0,184
0x6733;2045;1017;0;2019-05-16 10:25:29.954;25.30,0;29,954;0,186
0x6733;1805;955;0;2019-05-16 10:25:30.140;25.30,1;30,14;0,185
0x6733;1802;1009;0;2019-05-16 10:25:30.325;25.30,3;30,325;0,366
0x6733;1826;1001;0;2019-05-16 10:25:30.691;25.30,7;30,691;0,378
0x6733;1789;1011;0;2019-05-16 10:25:31.069;25.31,1;31,069;0,365
0x6733;1691;1075;0;2019-05-16 10:25:31.434;25.31,4;31,434;0,362
0x6733;2062;993;0;2019-05-16 10:25:31.796;25.31,8;31,796;0,552
0x6733;1896;947;0;2019-05-16 10:25:32.348;25.32,3;32,348;0,375
0x6733;2094;936;0;2019-05-16 10:25:32.723;25.32,7;32,723;0,174
0x6733;1874;982;0;2019-05-16 10:25:32.897;25.32,9;32,897;0,182
0x6733;2111;962;0;2019-05-16 10:25:33.079;25.33,1;33,079;0,188
0x6733;2106;962;0;2019-05-16 10:25:33.267;25.33,3;33,267;0,179
0x6733;1847;982;0;2019-05-16 10:25:33.446;25.33,4;33,446;0,183
0x6733;2110;985;0;2019-05-16 10:25:33.629;25.33,6;33,629;0,188
0x6733;1905;941;0;2019-05-16 10:25:33.817;25.33,8;33,817;0,185
0x6733;2114;963;0;2019-05-16 10:25:34.002;25.34,0;34,002;0,176
0x6733;1996;1065;0;2019-05-16 10:25:34.178;25.34,2;34,178;0,178
0x6733;1876;918;0;2019-05-16 10:25:34.356;25.34,4;34,356;0,372
0x6733;2056;1031;0;2019-05-16 10:25:34.728;25.34,7;34,728;0,182
0x6733;2094;950;0;2019-05-16 10:25:34.910;25.34,9;34,91;0,183
0x6733;1937;937;0;2019-05-16 10:25:35.093;25.35,1;35,093;0,185
0x6733;1793;1091;0;2019-05-16 10:25:35.278;25.35,3;35,278;0,177
0x6733;2019;1173;0;2019-05-16 10:25:35.455;25.35,5;35,455;0,186
0x6733;1941;1140;0;2019-05-16 10:25:35.641;25.35,6;35,641;0,181
0x6733;1994;945;0;2019-05-16 10:25:35.822;25.35,8;35,822;0,192
0x6733;1994;858;0;2019-05-16 10:25:36.014;25.36,0;36,014;0,17
0x6733;2310;946;0;2019-05-16 10:25:36.184;25.36,2;36,184;0,373
0x6733;2458;948;0;2019-05-16 10:25:36.557;25.36,6;36,557;0,369
0x6733;2592;768;0;2019-05-16 10:25:36.926;25.36,9;36,926;0,176
0x6733;2537;821;0;2019-05-16 10:25:37.102;25.37,1;37,102;0,186
0x6733;2579;832;0;2019-05-16 10:25:37.288;25.37,3;37,288;0,553
0x6733;2644;871;0;2019-05-16 10:25:37.841;25.37,8;37,841;0,18
0x6733;2628;866;0;2019-05-16 10:25:38.021;25.38,0;38,021;0,186
0x6733;2611;850;0;2019-05-16 10:25:38.207;25.38,2;38,207;0,178
0x6733;2646;862;0;2019-05-16 10:25:38.385;25.38,4;38,385;0,185
0x6733;2648;661;0;2019-05-16 10:25:38.570;25.38,6;38,57;0,177
0x6733;2642;786;0;2019-05-16 10:25:38.747;25.38,7;38,747;0,184
0x6733;2704;808;0;2019-05-16 10:25:38.931;25.38,9;38,931;0,191
0x6733;2734;801;0;2019-05-16 10:25:39.122;25.39,1;39,122;0,36
0x6733;2752;853;0;2019-05-16 10:25:39.482;25.39,5;39,482;0,194
0x6733;2786;903;0;2019-05-16 10:25:39.676;25.39,7;39,676;0,176
0x6733;2745;856;0;2019-05-16 10:25:39.852;25.39,9;39,852;0,364
0x6733;2774;860;0;2019-05-16 10:25:40.216;25.40,2;40,216;0,368
0x6733;2769;846;0;2019-05-16 10:25:40.584;25.40,6;40,584;0,188
0x6733;2782;863;0;2019-05-16 10:25:40.772;25.40,8;40,772;0,182
0x6733;2768;867;0;2019-05-16 10:25:40.954;25.41,0;40,954;0,187
0x6733;2700;865;0;2019-05-16 10:25:41.141;25.41,1;41,141;0,175
0x6733;2661;870;0;2019-05-16 10:25:41.316;25.41,3;41,316;0,189
0x6733;2732;853;0;2019-05-16 10:25:41.505;25.41,5;41,505;0,182
0x6733;2762;840;0;2019-05-16 10:25:41.687;25.41,7;41,687;0,179
0x6733;2713;858;0;2019-05-16 10:25:41.866;25.41,9;41,866;0,185
0x6733;2697;858;0;2019-05-16 10:25:42.051;25.42,1;42,051;0,181
0x6733;2710;842;0;2019-05-16 10:25:42.232;25.42,2;42,232;0,189
0x6733;2790;840;0;2019-05-16 10:25:42.421;25.42,4;42,421;0,174
0x6733;2730;878;0;2019-05-16 10:25:42.595;25.42,6;42,595;0,183
0x6733;2788;846;0;2019-05-16 10:25:42.778;25.42,8;42,778;0,181
0x6733;2794;876;0;2019-05-16 10:25:42.959;25.43,0;42,959;0,187
0x6733;2767;876;0;2019-05-16 10:25:43.146;25.43,1;43,146;0,18
0x6733;2811;852;0;2019-05-16 10:25:43.326;25.43,3;43,326;0,187
0x6733;2786;831;0;2019-05-16 10:25:43.513;25.43,5;43,513;0,182
0x6733;2774;825;0;2019-05-16 10:25:43.695;25.43,7;43,695;0,187
0x6733;2806;848;0;2019-05-16 10:25:43.882;25.43,9;43,882;0,184
0x6733;2803;847;0;2019-05-16 10:25:44.066;25.44,1;44,066;0,377
0x6733;2657;902;0;2019-05-16 10:25:44.443;25.44,4;44,443;0,173
0x6733;2754;896;0;2019-05-16 10:25:44.616;25.44,6;44,616;0,186
0x6733;2782;864;0;2019-05-16 10:25:44.802;25.44,8;44,802;0,181
0x6733;2696;887;0;2019-05-16 10:25:44.983;25.45,0;44,983;0,37
0x6733;2707;927;0;2019-05-16 10:25:45.353;25.45,4;45,353;0,185
0x6733;2727;817;0;2019-05-16 10:25:45.538;25.45,5;45,538;0,177
0x6733;2713;854;0;2019-05-16 10:25:45.715;25.45,7;45,715;0,183
0x6733;2653;817;0;2019-05-16 10:25:45.898;25.45,9;45,898;0,182
0x6733;2750;784;0;2019-05-16 10:25:46.080;25.46,1;46,08;0,366
0x6733;2756;776;0;2019-05-16 10:25:46.446;25.46,4;46,446;0,191
0x6733;2731;831;0;2019-05-16 10:25:46.637;25.46,6;46,637;0,359
0x6733;2651;845;0;2019-05-16 10:25:46.996;25.47,0;46,996;0,176
0x6733;2712;886;0;2019-05-16 10:25:47.172;25.47,2;47,172;0,191
0x6733;2773;785;0;2019-05-16 10:25:47.363;25.47,4;47,363;0,177
0x6733;2737;815;0;2019-05-16 10:25:47.540;25.47,5;47,54;0,2
0x6733;2672;830;0;2019-05-16 10:25:47.740;25.47,7;47,74;0,175
0x6733;2726;863;0;2019-05-16 10:25:47.915;25.47,9;47,915;0,186
0x6733;2733;871;0;2019-05-16 10:25:48.101;25.48,1;48,101;0,177
0x6733;2658;857;0;2019-05-16 10:25:48.278;25.48,3;48,278;0,367
0x6733;2609;879;0;2019-05-16 10:25:48.645;25.48,6;48,645;0,175
0x6733;2544;924;0;2019-05-16 10:25:48.820;25.48,8;48,82;0,37
0x6733;2729;874;0;2019-05-16 10:25:49.190;25.49,2;49,19;0,19
0x6733;2799;870;0;2019-05-16 10:25:49.380;25.49,4;49,38;0,171
0x6733;2795;861;0;2019-05-16 10:25:49.551;25.49,6;49,551;0,188
0x6733;2688;871;0;2019-05-16 10:25:49.739;25.49,7;49,739;0,185
0x6733;2754;866;0;2019-05-16 10:25:49.924;25.49,9;49,924;0,185
0x6733;2710;904;0;2019-05-16 10:25:50.109;25.50,1;50,109;0,175
0x6733;2693;868;0;2019-05-16 10:25:50.284;25.50,3;50,284;0,186
0x6733;2761;848;0;2019-05-16 10:25:50.470;25.50,5;50,47;0,19
0x6733;2717;867;0;2019-05-16 10:25:50.660;25.50,7;50,66;0,177
0x6733;2695;851;0;2019-05-16 10:25:50.837;25.50,8;50,837;0,372
0x6733;2709;865;0;2019-05-16 10:25:51.209;25.51,2;51,209;0,182
0x6733;2722;891;0;2019-05-16 10:25:51.391;25.51,4;51,391;0,179
0x6733;2725;862;0;2019-05-16 10:25:51.570;25.51,6;51,57;0,366
0x6733;2760;872;0;2019-05-16 10:25:51.936;25.51,9;51,936;0,192
0x6733;2761;859;0;2019-05-16 10:25:52.128;25.52,1;52,128;0,186
0x6733;2701;894;0;2019-05-16 10:25:52.314;25.52,3;52,314;0,177
0x6733;2747;898;0;2019-05-16 10:25:52.491;25.52,5;52,491;0,183
0x6733;2786;841;0;2019-05-16 10:25:52.674;25.52,7;52,674;0,178
0x6733;2779;866;0;2019-05-16 10:25:52.852;25.52,9;52,852;0,202
0x6733;2773;871;0;2019-05-16 10:25:53.054;25.53,1;53,054;0,168
0x6733;2729;881;0;2019-05-16 10:25:53.222;25.53,2;53,222;0,182
0x6733;2748;853;0;2019-05-16 10:25:53.404;25.53,4;53,404;0,182
0x6733;2731;884;0;2019-05-16 10:25:53.586;25.53,6;53,586;0,373
0x6733;2747;901;0;2019-05-16 10:25:53.959;25.54,0;53,959;0,184
0x6733;2721;870;0;2019-05-16 10:25:54.143;25.54,1;54,143;0,18
0x6733;2706;884;0;2019-05-16 10:25:54.323;25.54,3;54,323;0,367
0x6733;2741;867;0;2019-05-16 10:25:54.690;25.54,7;54,69;0,183
0x6733;2741;858;0;2019-05-16 10:25:54.873;25.54,9;54,873;0,182
0x6733;2797;882;0;2019-05-16 10:25:55.055;25.55,1;55,055;0,182
0x6733;2724;883;0;2019-05-16 10:25:55.237;25.55,2;55,237;0,183
0x6733;2748;876;0;2019-05-16 10:25:55.420;25.55,4;55,42;0,188
0x6733;2717;896;0;2019-05-16 10:25:55.608;25.55,6;55,608;0,366
0x6733;2767;887;0;2019-05-16 10:25:55.974;25.56,0;55,974;0,184
0x6733;2684;849;0;2019-05-16 10:25:56.158;25.56,2;56,158;0,186
0x6733;2663;871;0;2019-05-16 10:25:56.344;25.56,3;56,344;0,182
0x6733;2777;845;0;2019-05-16 10:25:56.526;25.56,5;56,526;0,188
0x6733;2751;775;0;2019-05-16 10:25:56.714;25.56,7;56,714;0,184
0x6733;2708;782;0;2019-05-16 10:25:56.898;25.56,9;56,898;0,183
0x6733;2701;774;0;2019-05-16 10:25:57.081;25.57,1;57,081;0,183
0x6733;2682;803;0;2019-05-16 10:25:57.264;25.57,3;57,264;0,177
0x6733;2735;766;0;2019-05-16 10:25:57.441;25.57,4;57,441;0,187
0x6733;2729;783;0;2019-05-16 10:25:57.628;25.57,6;57,628;0,37
0x6733;2679;820;0;2019-05-16 10:25:57.998;25.58,0;57,998;0,182
0x6733;2750;838;0;2019-05-16 10:25:58.180;25.58,2;58,18;0,178
0x6733;2758;838;0;2019-05-16 10:25:58.358;25.58,4;58,358;0,552
0x6733;2735;844;0;2019-05-16 10:25:58.910;25.58,9;58,91;0,373
0x6733;2753;830;0;2019-05-16 10:25:59.283;25.59,3;59,283;0,183
0x6733;2725;836;0;2019-05-16 10:25:59.466;25.59,5;59,466;0,18
0x6733;2728;821;0;2019-05-16 10:25:59.646;25.59,6;59,646;0,371
0x6733;2754;802;0;2019-05-16 10:26:00.017;26.00,0;0,017;0,182
0x6733;2755;786;0;2019-05-16 10:26:00.199;26.00,2;0,199;0,179
0x6733;2744;789;0;2019-05-16 10:26:00.378;26.00,4;0,378;0,369
0x6733;2724;783;0;2019-05-16 10:26:00.747;26.00,7;0,747;0,182
0x6733;2737;823;0;2019-05-16 10:26:00.929;26.00,9;0,929;0,192
0x6733;2726;793;0;2019-05-16 10:26:01.121;26.01,1;1,121;0,179
0x6733;2736;795;0;2019-05-16 10:26:01.300;26.01,3;1,3;0,181
0x6733;2740;800;0;2019-05-16 10:26:01.481;26.01,5;1,481;0,182
0x6733;2698;831;0;2019-05-16 10:26:01.663;26.01,7;1,663;0,375
0x6733;2778;799;0;2019-05-16 10:26:02.038;26.02,0;2,038;0,364
0x6733;2778;869;0;2019-05-16 10:26:02.402;26.02,4;2,402;0,365
0x6733;2749;971;0;2019-05-16 10:26:02.767;26.02,8;2,767;0,182
0x6733;2811;937;0;2019-05-16 10:26:02.949;26.02,9;2,949;0,373
0x6733;2806;1105;0;2019-05-16 10:26:03.322;26.03,3;3,322;0,179
0x6733;2876;1223;0;2019-05-16 10:26:03.501;26.03,5;3,501;0,187
0x6733;2888;1332;0;2019-05-16 10:26:03.688;26.03,7;3,688;0,183
0x6733;2877;1333;0;2019-05-16 10:26:03.871;26.03,9;3,871;0,364
0x6733;2529;1847;0;2019-05-16 10:26:04.235;26.04,2;4,235;0,187
0x6733;2951;1704;0;2019-05-16 10:26:04.422;26.04,4;4,422;0,184
0x6733;2781;1945;0;2019-05-16 10:26:04.606;26.04,6;4,606;0,183
0x6733;2645;2124;0;2019-05-16 10:26:04.789;26.04,8;4,789;0,554
0x6733;2593;2111;0;2019-05-16 10:26:05.343;26.05,3;5,343;0,175
0x6733;2445;2156;0;2019-05-16 10:26:05.518;26.05,5;5,518;0,184
0x6733;2301;2180;0;2019-05-16 10:26:05.702;26.05,7;5,702;0,185
0x6733;2145;2229;0;2019-05-16 10:26:05.887;26.05,9;5,887;0,178
0x6733;1981;2152;0;2019-05-16 10:26:06.065;26.06,1;6,065;0,374
0x6733;1720;1966;0;2019-05-16 10:26:06.439;26.06,4;6,439;0,181
0x6733;1600;1912;0;2019-05-16 10:26:06.620;26.06,6;6,62;0,181
0x6733;912;1370;0;2019-05-16 10:26:06.801;26.06,8;6,801;0,182
0x6733;1356;1819;0;2019-05-16 10:26:06.983;26.07,0;6,983;0,191
0x6733;1328;1682;0;2019-05-16 10:26:07.174;26.07,2;7,174;0,182
0x6733;1293;1548;0;2019-05-16 10:26:07.356;26.07,4;7,356;0,181
0x6733;1217;1386;0;2019-05-16 10:26:07.537;26.07,5;7,537;0,181
0x6733;1130;1195;0;2019-05-16 10:26:07.718;26.07,7;7,718;0,19
0x6733;1121;1046;0;2019-05-16 10:26:07.908;26.07,9;7,908;0,364
0x6733;1049;782;0;2019-05-16 10:26:08.272;26.08,3;8,272;0,183
0x6733;1054;649;0;2019-05-16 10:26:08.455;26.08,5;8,455;0,19
0x6733;1108;510;0;2019-05-16 10:26:08.645;26.08,6;8,645;0,179
0x6733;1235;376;0;2019-05-16 10:26:08.824;26.08,8;8,824;0,185
0x6733;1290;307;0;2019-05-16 10:26:09.009;26.09,0;9,009;0,174
0x6733;1623;322;0;2019-05-16 10:26:09.183;26.09,2;9,183;0,37
0x6733;2059;259;0;2019-05-16 10:26:09.553;26.09,6;9,553;0,186
0x6733;2718;764;0;2019-05-16 10:26:09.739;26.09,7;9,739;0,549
0x6733;2602;393;0;2019-05-16 10:26:10.288;26.10,3;10,288;0,182
0x6733;2794;537;0;2019-05-16 10:26:10.470;26.10,5;10,47;0,186
0x6733;3443;764;0;2019-05-16 10:26:10.656;26.10,7;10,656;0,176
0x6733;3067;700;0;2019-05-16 10:26:10.832;26.10,8;10,832;0,187
0x6733;3186;869;0;2019-05-16 10:26:11.019;26.11,0;11,019;0,188
0x6733;3184;956;0;2019-05-16 10:26:11.207;26.11,2;11,207;0,178
0x6733;3261;1223;0;2019-05-16 10:26:11.385;26.11,4;11,385;0,185
0x6733;3232;1384;0;2019-05-16 10:26:11.570;26.11,6;11,57;0,187
0x6733;3185;1387;0;2019-05-16 10:26:11.757;26.11,8;11,757;0,173
0x6733;3210;1547;0;2019-05-16 10:26:11.930;26.11,9;11,93;0,371
0x6733;3086;1943;0;2019-05-16 10:26:12.301;26.12,3;12,301;0,184
0x6733;2934;2073;0;2019-05-16 10:26:12.485;26.12,5;12,485;0,187
0x6733;2850;2153;0;2019-05-16 10:26:12.672;26.12,7;12,672;0,174
0x6733;2780;2265;0;2019-05-16 10:26:12.846;26.12,8;12,846;0,188
0x6733;2582;2277;0;2019-05-16 10:26:13.034;26.13,0;13,034;0,187
0x6733;2222;2529;0;2019-05-16 10:26:13.221;26.13,2;13,221;0,355
0x6733;2027;2328;0;2019-05-16 10:26:13.576;26.13,6;13,576;0,194
0x6733;1898;2289;0;2019-05-16 10:26:13.770;26.13,8;13,77;0,186
0x6733;1757;2195;0;2019-05-16 10:26:13.956;26.14,0;13,956;0,18
0x6733;1544;2285;0;2019-05-16 10:26:14.136;26.14,1;14,136;0,182
0x6733;1400;2156;0;2019-05-16 10:26:14.318;26.14,3;14,318;0,181
0x6733;1111;2074;0;2019-05-16 10:26:14.499;26.14,5;14,499;0,187
0x6733;577;1493;0;2019-05-16 10:26:14.686;26.14,7;14,686;0,181
0x6733;680;1436;0;2019-05-16 10:26:14.867;26.14,9;14,867;0,183
0x6733;830;1559;0;2019-05-16 10:26:15.050;26.15,0;15,05;0,185
0x6733;845;1384;0;2019-05-16 10:26:15.235;26.15,2;15,235;0,179
0x6733;939;1315;0;2019-05-16 10:26:15.414;26.15,4;15,414;0,187
0x6733;808;1043;0;2019-05-16 10:26:15.601;26.15,6;15,601;0,18
0x6733;823;824;0;2019-05-16 10:26:15.781;26.15,8;15,781;0,184
0x6733;839;686;0;2019-05-16 10:26:15.965;26.16,0;15,965;0,184
0x6733;904;519;0;2019-05-16 10:26:16.149;26.16,1;16,149;0,908
0x6733;1527;354;0;2019-05-16 10:26:17.057;26.17,1;17,057;0,194
0x6733;2165;309;0;2019-05-16 10:26:17.251;26.17,3;17,251;0,171
0x6733;2074;320;0;2019-05-16 10:26:17.422;26.17,4;17,422;0,187
0x6733;2486;423;0;2019-05-16 10:26:17.609;26.17,6;17,609;0,364
0x6733;2970;771;0;2019-05-16 10:26:17.973;26.18,0;17,973;0,186
0x6733;2711;623;0;2019-05-16 10:26:18.159;26.18,2;18,159;0,179
0x6733;2837;635;0;2019-05-16 10:26:18.338;26.18,3;18,338;0,183
0x6733;2999;847;0;2019-05-16 10:26:18.521;26.18,5;18,521;0,192
0x6733;2701;662;0;2019-05-16 10:26:18.713;26.18,7;18,713;0,178
0x6733;2813;767;0;2019-05-16 10:26:18.891;26.18,9;18,891;0,18
0x6733;2961;889;0;2019-05-16 10:26:19.071;26.19,1;19,071;0,185
0x6733;2748;803;0;2019-05-16 10:26:19.256;26.19,3;19,256;0,178
0x6733;2784;812;0;2019-05-16 10:26:19.434;26.19,4;19,434;0,193
0x6733;2922;817;0;2019-05-16 10:26:19.627;26.19,6;19,627;0,179
0x6733;2791;815;0;2019-05-16 10:26:19.806;26.19,8;19,806;0,184
0x6733;2856;735;0;2019-05-16 10:26:19.990;26.20,0;19,99;0,187
0x6733;2814;742;0;2019-05-16 10:26:20.177;26.20,2;20,177;0,175
0x6733;2871;795;0;2019-05-16 10:26:20.352;26.20,4;20,352;0,188
0x6733;2890;849;0;2019-05-16 10:26:20.540;26.20,5;20,54;0,188
0x6733;2942;778;0;2019-05-16 10:26:20.728;26.20,7;20,728;0,177
0x6733;2871;818;0;2019-05-16 10:26:20.905;26.20,9;20,905;0,189
0x6733;2944;949;0;2019-05-16 10:26:21.094;26.21,1;21,094;0,183
0x6733;3017;1005;0;2019-05-16 10:26:21.277;26.21,3;21,277;0,361
0x6733;3066;1104;0;2019-05-16 10:26:21.638;26.21,6;21,638;0,551
0x6733;3071;1335;0;2019-05-16 10:26:22.189;26.22,2;22,189;0,185
0x6733;3091;1337;0;2019-05-16 10:26:22.374;26.22,4;22,374;0,364
0x6733;3130;1500;0;2019-05-16 10:26:22.738;26.22,7;22,738;0,19
0x6733;3132;1649;0;2019-05-16 10:26:22.928;26.22,9;22,928;0,176
0x6733;3119;1753;0;2019-05-16 10:26:23.104;26.23,1;23,104;0,18
0x6733;3094;1961;0;2019-05-16 10:26:23.284;26.23,3;23,284;0,732
0x6733;2997;2481;0;2019-05-16 10:26:24.016;26.24,0;24,016;0,192
0x6733;2199;3035;0;2019-05-16 10:26:24.208;26.24,2;24,208;0,177
0x6733;2565;2584;0;2019-05-16 10:26:24.385;26.24,4;24,385;0,184
0x6733;2437;2513;0;2019-05-16 10:26:24.569;26.24,6;24,569;0,368
0x6733;2244;2595;0;2019-05-16 10:26:24.937;26.24,9;24,937;0,187
0x6733;2125;2625;0;2019-05-16 10:26:25.124;26.25,1;25,124;0,182
0x6733;1991;2626;0;2019-05-16 10:26:25.306;26.25,3;25,306;0,356
0x6733;1567;2597;0;2019-05-16 10:26:25.662;26.25,7;25,662;0,194
0x6733;1473;2529;0;2019-05-16 10:26:25.856;26.25,9;25,856;0,178
0x6733;1422;2442;0;2019-05-16 10:26:26.034;26.26,0;26,034;0,188
0x6733;1284;2417;0;2019-05-16 10:26:26.222;26.26,2;26,222;0,182
0x6733;1307;2325;0;2019-05-16 10:26:26.404;26.26,4;26,404;0,363
0x6733;1718;2100;0;2019-05-16 10:26:26.767;26.26,8;26,767;0,178
0x6733;1671;2078;0;2019-05-16 10:26:26.945;26.26,9;26,945;0,184
0x6733;1836;2069;0;2019-05-16 10:26:27.129;26.27,1;27,129;0,191
0x6733;1948;2083;0;2019-05-16 10:26:27.320;26.27,3;27,32;0,18
0x6733;2151;2059;0;2019-05-16 10:26:27.500;26.27,5;27,5;0,18
0x6733;2275;2088;0;2019-05-16 10:26:27.680;26.27,7;27,68;0,182
0x6733;2323;2149;0;2019-05-16 10:26:27.862;26.27,9;27,862;0,546
0x6733;2494;2206;0;2019-05-16 10:26:28.408;26.28,4;28,408;0,187
0x6733;2520;2359;0;2019-05-16 10:26:28.595;26.28,6;28,595;0,194
0x6733;2472;2451;0;2019-05-16 10:26:28.789;26.28,8;28,789;0,355
0x6733;2620;2493;0;2019-05-16 10:26:29.144;26.29,1;29,144;0,192
0x6733;2614;2567;0;2019-05-16 10:26:29.336;26.29,3;29,336;0,177
0x6733;2651;2714;0;2019-05-16 10:26:29.513;26.29,5;29,513;0,177
0x6733;2721;2627;0;2019-05-16 10:26:29.690;26.29,7;29,69;0,187
0x6733;2054;3204;0;2019-05-16 10:26:29.877;26.29,9;29,877;0,185
0x6733;2299;2632;0;2019-05-16 10:26:30.062;26.30,1;30,062;0,179
0x6733;2228;2690;0;2019-05-16 10:26:30.241;26.30,2;30,241;0,183
0x6733;2088;2689;0;2019-05-16 10:26:30.424;26.30,4;30,424;0,184
0x6733;2007;2744;0;2019-05-16 10:26:30.608;26.30,6;30,608;0,188
0x6733;2078;2659;0;2019-05-16 10:26:30.796;26.30,8;30,796;0,178
0x6733;1788;2644;0;2019-05-16 10:26:30.974;26.31,0;30,974;0,361
0x6733;1469;2675;0;2019-05-16 10:26:31.335;26.31,3;31,335;0,187
0x6733;1367;2561;0;2019-05-16 10:26:31.522;26.31,5;31,522;0,178
0x6733;1259;2494;0;2019-05-16 10:26:31.700;26.31,7;31,7;0,185
0x6733;1414;2414;0;2019-05-16 10:26:31.885;26.31,9;31,885;0,186
0x6733;1675;2222;0;2019-05-16 10:26:32.071;26.32,1;32,071;0,18
0x6733;1293;2193;0;2019-05-16 10:26:32.251;26.32,3;32,251;0,179
0x6733;1569;2074;0;2019-05-16 10:26:32.430;26.32,4;32,43;0,371
0x6733;1440;2054;0;2019-05-16 10:26:32.801;26.32,8;32,801;0,186
0x6733;1782;2268;0;2019-05-16 10:26:32.987;26.33,0;32,987;0,185
0x6733;1647;2147;0;2019-05-16 10:26:33.172;26.33,2;33,172;0,179
0x6733;1882;2189;0;2019-05-16 10:26:33.351;26.33,4;33,351;0,371
0x6733;1935;2189;0;2019-05-16 10:26:33.722;26.33,7;33,722;0,177
0x6733;2175;2206;0;2019-05-16 10:26:33.899;26.33,9;33,899;0,183
0x6733;2201;2282;0;2019-05-16 10:26:34.082;26.34,1;34,082;0,173
0x6733;2256;2450;0;2019-05-16 10:26:34.255;26.34,3;34,255;0,187
0x6733;2352;2418;0;2019-05-16 10:26:34.442;26.34,4;34,442;0,178
0x6733;2415;2447;0;2019-05-16 10:26:34.620;26.34,6;34,62;0,185
0x6733;2596;2411;0;2019-05-16 10:26:34.805;26.34,8;34,805;0,188
0x6733;2693;2372;0;2019-05-16 10:26:34.993;26.35,0;34,993;0,179
0x6733;2670;2253;0;2019-05-16 10:26:35.172;26.35,2;35,172;0,186
0x6733;2739;2139;0;2019-05-16 10:26:35.358;26.35,4;35,358;0,178
0x6733;2893;1953;0;2019-05-16 10:26:35.536;26.35,5;35,536;0,185
0x6733;2914;1905;0;2019-05-16 10:26:35.721;26.35,7;35,721;0,187
0x6733;2900;1870;0;2019-05-16 10:26:35.908;26.35,9;35,908;0,182
0x6733;2905;1624;0;2019-05-16 10:26:36.090;26.36,1;36,09;0,173
0x6733;3068;1439;0;2019-05-16 10:26:36.263;26.36,3;36,263;0,183
0x6733;3005;1412;0;2019-05-16 10:26:36.446;26.36,4;36,446;0,373
0x6733;2895;1131;0;2019-05-16 10:26:36.819;26.36,8;36,819;0,184
0x6733;2862;1019;0;2019-05-16 10:26:37.003;26.37,0;37,003;0,367
0x6733;2796;834;0;2019-05-16 10:26:37.370;26.37,4;37,37;0,178
0x6733;2777;764;0;2019-05-16 10:26:37.548;26.37,5;37,548;0,371
0x6733;2771;494;0;2019-05-16 10:26:37.919;26.37,9;37,919;0,182
0x6733;2431;608;0;2019-05-16 10:26:38.101;26.38,1;38,101;0,181
0x6733;2574;529;0;2019-05-16 10:26:38.282;26.38,3;38,282;0,373
0x6733;2036;418;0;2019-05-16 10:26:38.655;26.38,7;38,655;0,365
0x6733;1996;288;0;2019-05-16 10:26:39.020;26.39,0;39,02;0,187
0x6733;1844;271;0;2019-05-16 10:26:39.207;26.39,2;39,207;0,175
0x6733;1700;578;0;2019-05-16 10:26:39.382;26.39,4;39,382;0,556
0x6733;1086;626;0;2019-05-16 10:26:39.938;26.39,9;39,938;0,181
0x6733;1143;619;0;2019-05-16 10:26:40.119;26.40,1;40,119;0,18
0x6733;1101;780;0;2019-05-16 10:26:40.299;26.40,3;40,299;0,188
0x6733;1009;903;0;2019-05-16 10:26:40.487;26.40,5;40,487;0,184
0x6733;937;935;0;2019-05-16 10:26:40.671;26.40,7;40,671;0,184
0x6733;918;1081;0;2019-05-16 10:26:40.855;26.40,9;40,855;0,176
0x6733;737;1176;0;2019-05-16 10:26:41.031;26.41,0;41,031;0,368
0x6733;907;1390;0;2019-05-16 10:26:41.399;26.41,4;41,399;0,191
0x6733;599;1779;0;2019-05-16 10:26:41.590;26.41,6;41,59;0,178
0x6733;953;1679;0;2019-05-16 10:26:41.768;26.41,8;41,768;0,181
0x6733;1014;1718;0;2019-05-16 10:26:41.949;26.41,9;41,949;0,363
0x6733;1213;1981;0;2019-05-16 10:26:42.312;26.42,3;42,312;0,184
0x6733;1245;2003;0;2019-05-16 10:26:42.496;26.42,5;42,496;0,178
0x6733;1308;2073;0;2019-05-16 10:26:42.674;26.42,7;42,674;0,194
0x6733;1406;2184;0;2019-05-16 10:26:42.868;26.42,9;42,868;0,172
0x6733;1810;2192;0;2019-05-16 10:26:43.040;26.43,0;43,04;0,373
0x6733;1964;2299;0;2019-05-16 10:26:43.413;26.43,4;43,413;0,188
0x6733;2115;2307;0;2019-05-16 10:26:43.601;26.43,6;43,601;0,183
0x6733;2191;2299;0;2019-05-16 10:26:43.784;26.43,8;43,784;0,365
0x6733;2352;2264;0;2019-05-16 10:26:44.149;26.44,1;44,149;0,184
0x6733;2603;2210;0;2019-05-16 10:26:44.333;26.44,3;44,333;0,178
0x6733;2796;2055;0;2019-05-16 10:26:44.511;26.44,5;44,511;0,364
0x6733;2963;1985;0;2019-05-16 10:26:44.875;26.44,9;44,875;0,181
0x6733;2949;1925;0;2019-05-16 10:26:45.056;26.45,1;45,056;0,192
0x6733;3043;1795;0;2019-05-16 10:26:45.248;26.45,2;45,248;0,36
0x6733;3137;1464;0;2019-05-16 10:26:45.608;26.45,6;45,608;0,185
0x6733;3116;1279;0;2019-05-16 10:26:45.793;26.45,8;45,793;0,199
0x6733;2951;1142;0;2019-05-16 10:26:45.992;26.46,0;45,992;0,361
0x6733;2736;486;0;2019-05-16 10:26:46.353;26.46,4;46,353;0,375
0x6733;2705;753;0;2019-05-16 10:26:46.728;26.46,7;46,728;0,177
0x6733;2587;692;0;2019-05-16 10:26:46.905;26.46,9;46,905;0,18
0x6733;2780;700;0;2019-05-16 10:26:47.085;26.47,1;47,085;0,19
0x6733;2710;557;0;2019-05-16 10:26:47.275;26.47,3;47,275;0,181
0x6733;2564;456;0;2019-05-16 10:26:47.456;26.47,5;47,456;0,178
0x6733;2447;449;0;2019-05-16 10:26:47.634;26.47,6;47,634;0,197
0x6733;2276;323;0;2019-05-16 10:26:47.831;26.47,8;47,831;0,183
0x6733;1842;285;0;2019-05-16 10:26:48.014;26.48,0;48,014;0,171
0x6733;1669;293;0;2019-05-16 10:26:48.185;26.48,2;48,185;0,189
0x6733;1548;289;0;2019-05-16 10:26:48.374;26.48,4;48,374;0,183
0x6733;1673;371;0;2019-05-16 10:26:48.557;26.48,6;48,557;0,185
0x6733;1525;431;0;2019-05-16 10:26:48.742;26.48,7;48,742;0,181
0x6733;1154;467;0;2019-05-16 10:26:48.923;26.48,9;48,923;0,175
0x6733;828;612;0;2019-05-16 10:26:49.098;26.49,1;49,098;0,187
0x6733;860;456;0;2019-05-16 10:26:49.285;26.49,3;49,285;0,187
0x6733;1027;645;0;2019-05-16 10:26:49.472;26.49,5;49,472;0,356
0x6733;989;999;0;2019-05-16 10:26:49.828;26.49,8;49,828;0,19
0x6733;893;1092;0;2019-05-16 10:26:50.018;26.50,0;50,018;0,175
0x6733;753;1215;0;2019-05-16 10:26:50.193;26.50,2;50,193;0,184
0x6733;856;1331;0;2019-05-16 10:26:50.377;26.50,4;50,377;0,194
0x6733;1028;1413;0;2019-05-16 10:26:50.571;26.50,6;50,571;0,186
0x6733;966;1580;0;2019-05-16 10:26:50.757;26.50,8;50,757;0,175
0x6733;976;1712;0;2019-05-16 10:26:50.932;26.50,9;50,932;0,182
0x6733;1033;1793;0;2019-05-16 10:26:51.114;26.51,1;51,114;0,182
0x6733;1278;1889;0;2019-05-16 10:26:51.296;26.51,3;51,296;0,194
0x6733;1350;1920;0;2019-05-16 10:26:51.490;26.51,5;51,49;0,354
0x6733;1552;2093;0;2019-05-16 10:26:51.844;26.51,8;51,844;0,185
0x6733;1582;2114;0;2019-05-16 10:26:52.029;26.52,0;52,029;0,191
0x6733;1748;2083;0;2019-05-16 10:26:52.220;26.52,2;52,22;0,362
0x6733;2169;2174;0;2019-05-16 10:26:52.582;26.52,6;52,582;0,182
0x6733;2078;2074;0;2019-05-16 10:26:52.764;26.52,8;52,764;0,185
0x6733;2282;2123;0;2019-05-16 10:26:52.949;26.52,9;52,949;0,179
0x6733;2556;2046;0;2019-05-16 10:26:53.128;26.53,1;53,128;0,367
0x6733;2756;1910;0;2019-05-16 10:26:53.495;26.53,5;53,495;0,373
0x6733;2936;1842;0;2019-05-16 10:26:53.868;26.53,9;53,868;0,36
0x6733;3051;1565;0;2019-05-16 10:26:54.228;26.54,2;54,228;0,187
0x6733;3083;1407;0;2019-05-16 10:26:54.415;26.54,4;54,415;0,183
0x6733;2923;1181;0;2019-05-16 10:26:54.598;26.54,6;54,598;0,18
0x6733;2910;1078;0;2019-05-16 10:26:54.778;26.54,8;54,778;0,192
0x6733;3098;829;0;2019-05-16 10:26:54.970;26.55,0;54,97;0,178
0x6733;3116;867;0;2019-05-16 10:26:55.148;26.55,1;55,148;0,367
0x6733;2697;725;0;2019-05-16 10:26:55.515;26.55,5;55,515;0,205
0x6733;2776;709;0;2019-05-16 10:26:55.720;26.55,7;55,72;0,162
0x6733;2637;638;0;2019-05-16 10:26:55.882;26.55,9;55,882;0,184
0x6733;2691;605;0;2019-05-16 10:26:56.066;26.56,1;56,066;0,178
0x6733;2593;557;0;2019-05-16 10:26:56.244;26.56,2;56,244;0,185
0x6733;2118;535;0;2019-05-16 10:26:56.429;26.56,4;56,429;0,177
0x6733;2139;550;0;2019-05-16 10:26:56.606;26.56,6;56,606;0,19
0x6733;2082;413;0;2019-05-16 10:26:56.796;26.56,8;56,796;0,179
0x6733;1655;519;0;2019-05-16 10:26:56.975;26.57,0;56,975;0,735
0x6733;1420;724;0;2019-05-16 10:26:57.710;26.57,7;57,71;0,183
0x6733;1577;838;0;2019-05-16 10:26:57.893;26.57,9;57,893;0,178
0x6733;1608;906;0;2019-05-16 10:26:58.071;26.58,1;58,071;0,189
0x6733;1958;777;0;2019-05-16 10:26:58.260;26.58,3;58,26;0,191
0x6733;2073;827;0;2019-05-16 10:26:58.451;26.58,5;58,451;0,17
0x6733;2197;763;0;2019-05-16 10:26:58.621;26.58,6;58,621;0,187
0x6733;2293;780;0;2019-05-16 10:26:58.808;26.58,8;58,808;0,369
0x6733;2581;898;0;2019-05-16 10:26:59.177;26.59,2;59,177;0,183
0x6733;2550;806;0;2019-05-16 10:26:59.360;26.59,4;59,36;0,552
0x6733;2581;897;0;2019-05-16 10:26:59.912;26.59,9;59,912;0,187
0x6733;2638;871;0;2019-05-16 10:27:00.099;27.00,1;0,099;0,181
0x6733;2664;871;0;2019-05-16 10:27:00.280;27.00,3;0,28;0,186
0x6733;2608;862;0;2019-05-16 10:27:00.466;27.00,5;0,466;0,186
0x6733;2548;894;0;2019-05-16 10:27:00.652;27.00,7;0,652;0,178
0x6733;2655;849;0;2019-05-16 10:27:00.830;27.00,8;0,83;0,178
0x6733;2592;857;0;2019-05-16 10:27:01.008;27.01,0;1,008;0,192
0x6733;2659;843;0;2019-05-16 10:27:01.200;27.01,2;1,2;0,181
0x6733;2530;829;0;2019-05-16 10:27:01.381;27.01,4;1,381;0,188
0x6733;2511;847;0;2019-05-16 10:27:01.569;27.01,6;1,569;0,177
0x6733;2682;821;0;2019-05-16 10:27:01.746;27.01,7;1,746;0,185
0x6733;2497;861;0;2019-05-16 10:27:01.931;27.01,9;1,931;0,183
0x6733;2500;839;0;2019-05-16 10:27:02.114;27.02,1;2,114;0,182
0x6733;2571;830;0;2019-05-16 10:27:02.296;27.02,3;2,296;0,359
0x6733;2531;852;0;2019-05-16 10:27:02.655;27.02,7;2,655;0,189
0x6733;2670;876;0;2019-05-16 10:27:02.844;27.02,8;2,844;0,372
0x6733;2543;835;0;2019-05-16 10:27:03.216;27.03,2;3,216;0,175
0x6733;2529;840;0;2019-05-16 10:27:03.391;27.03,4;3,391;0,177
0x6733;2509;846;0;2019-05-16 10:27:03.568;27.03,6;3,568;0,186
0x6733;2549;789;0;2019-05-16 10:27:03.754;27.03,8;3,754;0,185
0x6733;2531;783;0;2019-05-16 10:27:03.939;27.03,9;3,939;0,179
0x6733;2488;796;0;2019-05-16 10:27:04.118;27.04,1;4,118;0,183
0x6733;2576;804;0;2019-05-16 10:27:04.301;27.04,3;4,301;0,181
0x6733;2614;793;0;2019-05-16 10:27:04.482;27.04,5;4,482;0,187
0x6733;2603;791;0;2019-05-16 10:27:04.669;27.04,7;4,669;0,181
0x6733;2591;791;0;2019-05-16 10:27:04.850;27.04,8;4,85;0,372
0x6733;2616;818;0;2019-05-16 10:27:05.222;27.05,2;5,222;0,174
0x6733;2510;827;0;2019-05-16 10:27:05.396;27.05,4;5,396;0,188
0x6733;2622;845;0;2019-05-16 10:27:05.584;27.05,6;5,584;0,18
0x6733;2629;827;0;2019-05-16 10:27:05.764;27.05,8;5,764;0,19
0x6733;2533;824;0;2019-05-16 10:27:05.954;27.06,0;5,954;0,179
0x6733;2496;839;0;2019-05-16 10:27:06.133;27.06,1;6,133;0,186
0x6733;2544;818;0;2019-05-16 10:27:06.319;27.06,3;6,319;0,191
0x6733;2526;826;0;2019-05-16 10:27:06.510;27.06,5;6,51;0,174
0x6733;2548;824;0;2019-05-16 10:27:06.684;27.06,7;6,684;0,185
0x6733;2638;833;0;2019-05-16 10:27:06.869;27.06,9;6,869;0,183
0x6733;2532;846;0;2019-05-16 10:27:07.052;27.07,1;7,052;0,18
0x6733;2559;815;0;2019-05-16 10:27:07.232;27.07,2;7,232;0,189
0x6733;2522;846;0;2019-05-16 10:27:07.421;27.07,4;7,421;0,177
0x6733;2652;834;0;2019-05-16 10:27:07.598;27.07,6;7,598;0,185
0x6733;2549;834;0;2019-05-16 10:27:07.783;27.07,8;7,783;0,188
0x6733;2508;795;0;2019-05-16 10:27:07.971;27.08,0;7,971;0,182
0x6733;2590;830;0;2019-05-16 10:27:08.153;27.08,2;8,153;0,183
0x6733;2542;821;0;2019-05-16 10:27:08.336;27.08,3;8,336;0,176
0x6733;2528;810;0;2019-05-16 10:27:08.512;27.08,5;8,512;0,2
0x6733;2533;820;0;2019-05-16 10:27:08.712;27.08,7;8,712;0,171
0x6733;2619;839;0;2019-05-16 10:27:08.883;27.08,9;8,883;0,182
0x6733;2562;843;0;2019-05-16 10:27:09.065;27.09,1;9,065;0,181
0x6733;2577;816;0;2019-05-16 10:27:09.246;27.09,2;9,246;0,175
0x6733;2543;792;0;2019-05-16 10:27:09.421;27.09,4;9,421;0,192
0x6733;2590;784;0;2019-05-16 10:27:09.613;27.09,6;9,613;0,177
0x6733;2611;790;0;2019-05-16 10:27:09.790;27.09,8;9,79;0,548
0x6733;2616;803;0;2019-05-16 10:27:10.338;27.10,3;10,338;0,373
0x6733;2551;788;0;2019-05-16 10:27:10.711;27.10,7;10,711;0,36
0x6733;2611;829;0;2019-05-16 10:27:11.071;27.11,1;11,071;0,188
0x6733;2559;850;0;2019-05-16 10:27:11.259;27.11,3;11,259;0,179
0x6733;2630;855;0;2019-05-16 10:27:11.438;27.11,4;11,438;0,188
0x6733;2566;828;0;2019-05-16 10:27:11.626;27.11,6;11,626;0,364
0x6733;2606;840;0;2019-05-16 10:27:11.990;27.12,0;11,99;0,177
0x6733;2576;834;0;2019-05-16 10:27:12.167;27.12,2;12,167;0,374
0x6733;2651;833;0;2019-05-16 10:27:12.541;27.12,5;12,541;0,18
0x6733;2598;803;0;2019-05-16 10:27:12.721;27.12,7;12,721;0,178
0x6733;2613;805;0;2019-05-16 10:27:12.899;27.12,9;12,899;0,193
0x6733;2574;783;0;2019-05-16 10:27:13.092;27.13,1;13,092;
;;;;;;;186,515
;;;;;avg timestep;;0,225532044
